{
    "initial_ssim": 0.17894480239510663,
    "final_ssim": 0.19715489929351313,
    "improvement": 0.018210096898406497
}